scorer,family,labels,output_type,n_columns,model_or_algorithm,local_location,box_status,cost_per_10s_clip,device,role
proxies,DSP,"centroid, lowhigh_db, flatness, onset_rate, perc_ratio",scalar,5,"librosa STFT/HPSS (production descriptors, DEMON-steer scripts/steering/proxies.py)","C:\_dev\projects\DEMON-steer\scripts\steering\proxies.py (copy in DEMON-steer-bench scripts/steering_bench/proxies.py)",available (bench copy runs there),1.5 CPU-s (measured),CPU,primary for the 5 legacy axes
timbral,DSP,"hardness, depth, brightness, roughness, warmth, sharpness, boominess, reverb",scalar,8,AudioCommons timbral_models 0.4,not installed locally,"available in evalenv + /root/sb/tm_shim.py (np.lib.pad alias, positional y/sr) REQUIRED",~10 CPU-s (estimate; slowest DSP),CPU,primary timbre/space; second for dense knobs
level,DSP,"lufs, rms_dbfs, peak_dbfs, crest_db, dr_db, loudness_slope, momentary_std, silence_frac, transient_db, am_tremolo, am_beat, peak_to_lufs, clip_frac",scalar,13,"pyloudnorm BS.1770 + numpy (definitions as sa3judge level.lufs / artifact.py)","instrument-controlnet\judging\src\sa3judge\judges\level.py (definitions); pyloudnorm in judging\.venv",pyloudnorm in evalenv,0.3 CPU-s (estimate),CPU,dynamics knobs
rhythm,DSP,"bpm, beat_strength, pulse_clarity, tempo_stability, offbeat_share, swing_ratio, kick_quarter, hf_onset_rate, superflux_rate, perc_onset_rate, tempo_slope, repetition",scalar,12,"librosa beat/tempogram/superflux; beat_this 1.1.0 for beats (GPU or CPU)","beat_this in C:\_dev\projects\DEMON\.venv; madmom only in E:\Projects\instrument-controlnet\judging_runs\_env_madmom (local, Windows)","librosa yes; beat_this and madmom NOT on box (install beat_this; skip madmom)",1.5 CPU-s + beat_this 0.05 GPU-s (estimate),CPU+GPU,rhythm knobs
tonal,DSP,"mode_score, key_clarity, chroma_entropy, pitch_centroid, dissonance, harmonic_change_rate",scalar,6,"Krumhansl-Kessler key over CQT top-4 (sa3judge tempo_key.key), chroma, sensory dissonance","instrument-controlnet\judging\src\sa3judge\judges\tempo_key.py",librosa yes (port the estimator),1.0 CPU-s (estimate),CPU,mode/key/register knobs
spectral,DSP,"tilt_db_oct, sub_db, bass_db, lowmid_db, nasal_db, presence_db, hf_db, air_db, bandwidth, rolloff85, flux, zcr, hf_flatness, tone_persist_db, floor_db, harmonic_ratio",scalar,16,"band energy shares, slope fit, sa3judge tone.hf + artifact.py fuzz features","instrument-controlnet\judging\src\sa3judge\judges\tone.py, artifact.py",librosa yes,0.5 CPU-s (estimate),CPU,band/production knobs
stereo,DSP,"side_mid_db, lr_corr, pan_motion, hf_side_mid_db",scalar,4,"sa3judge stereo.width definitions, computed INLINE at render from the stereo tensor","instrument-controlnet\judging\src\sa3judge\judges\stereo.py",needs capture_resid change (audio shards are mono),~0 (inline numpy),CPU in capture process,space knobs (only DSP can see width: CLAP/MuQ are mono)
basicpitch,DSP-model,"note_rate, polyphony, pitch_range, mean_note_dur, pitch_mean",scalar,5,Basic Pitch ICASSP-2022 (0.4.0),C:\datasets\musetimbre_spike_2026-10-02\venv,NOT on box (optional install),0.5 CPU-s (estimate),CPU,optional: arrangement density / articulation
passt,TAG,AudioSet 527 class probabilities,probability vector,527,"PaSST (hear21passt 0.0.26, AudioSet mAP ~0.47)",C:\_dev\projects\instrument-controlnet\.venv-eval (hear21passt),"NOT listed in box_status.md: install hear21passt (box-prep, ~0.3 GB ckpt)",0.02 GPU-s (estimate),GPU,primary for instrument/genre/sfx/space/production classes
panns,TAG,AudioSet 527 class probabilities,probability vector,527,"PANNs Cnn14_mAP=0.431 (panns_inference)","C:\Users\ryanf\panns_data\Cnn14_mAP=0.431.pth + class_labels_indices.csv; panns_inference in instrument-controlnet\judging\.venv; judge sa3judge identity.panns",not on box,0.01 GPU-s (estimate),GPU,fallback tagger if PaSST will not install (same family as PaSST: never a second scorer for it)
ast,TAG,AudioSet 527 class probabilities,probability vector,527,MIT/ast-finetuned-audioset-10-10-0.4593 (HF transformers),sa3judge identity.ast (downloads from HF),"downloadable on box (transformers + HF_TOKEN present, ~0.35 GB)",0.04 GPU-s (estimate),GPU,second fallback tagger (same family)
clap_music,LCLAP,cosine(audio; pos anchor) - cosine(audio; neg anchor) per catalogue concept,scalar per anchor pair,481,LAION-CLAP HTSAT-base music_audioset_epoch_15_esc_90.14.pt,"E:\Projects\tada-replication\steer-audio\res\clap\pretrained\ (same file as musetimbre ckpt\clap_music.pt, 2.35 GB); laion_clap in tada evalenv",available (/root/.cache/audio_metrics/),0.02 GPU-s + text anchors once (estimate),GPU,primary for text-only concepts; second for some DSP knobs
clap_general,LCLAP,same anchors,scalar per anchor pair,481,LAION-CLAP HTSAT-tiny 630k-audioset-best.pt (1.86 GB),"C:\_dev\projects\instrument-controlnet\.venv-eval\Lib\site-packages\laion_clap\630k-audioset-best.pt; fusion variant in tada evalenv",NOT on box: download 1.86 GB (counts against shm),0.02 GPU-s (estimate),GPU,second for sound effects; third elsewhere (same family as clap_music)
muq,MUQ,cosine(audio; pos) - cosine(audio; neg) per concept,scalar per anchor pair,481,MuQ-MuLan-large (OpenMuQ) + xlm-roberta-base,E:\Projects\tada-replication\evalenv (muq 0.1.0); HF cache on box,available (/root/hf; needs transformers 4.47.1 evalsite prepend),0.04 GPU-s (estimate),GPU,default independent second scorer (fails on warm: gate per concept)
musetimbre,MT,"512-d fine-tuned CLAP audio embedding; per-instrument cosine to solo prototypes",embedding + scalar per instrument,512 + 103,MuseTimbre v1 timbre_encoder (fine-tuned HTSAT-base) over clap_music.pt,"C:\_dev\projects\private-audio-extension (scripts/musetimbre_precompute.py fine_tuned_clap); authors pkg C:\datasets\musetimbre_spike_2026-10-02\repo; ckpt E:\Projects\instrument-controlnet\musetimbre_spike_2026-10-02\ckpt\musetimbre_v1.pt (1.68 GB)","base CLAP on box; MuseTimbre ckpt NOT confirmed: upload only the timbre_encoder.* tensors (~0.3 GB)",0.03 GPU-s (estimate),GPU,third scorer for instruments (weak on mixes; see notes)
audiobox,ABX,"CE, CU, PC, PQ",scalar,4,Meta audiobox-aesthetics 0.0.4,E:\Projects\tada-replication\evalenv,available (master_adapter venv layered into evalenv),0.05 GPU-s (estimate),GPU,production quality/complexity knobs; fidelity guard in screening
demucs,SEP,"drums_share, bass_share, other_share, vocals_share (stem energy shares)",scalar,4,htdemucs (955717e8 in torch hub cache),"C:\Users\ryanf\.cache\torch\hub\checkpoints; demucs in instrument-controlnet\judging\.venv",unknown on box (steer-audio vocals eval imports it): check; ckpt 84 MB,0.15 GPU-s (estimate; slowest GPU scorer),GPU,independent check for drums/bass/no-percussion knobs; optional stem input for MuseTimbre
essentia,ESS,"Discogs-EffNet 400 styles, MTG-Jamendo mood/theme 56, danceability",probability vector,~460,essentia-tensorflow + Essentia model zoo .pb,not installed anywhere (only essentia.js in notes/toolpa),"NOT on box: optional pip essentia-tensorflow (Linux wheel), models ~0.1 GB",0.1 CPU/GPU-s (estimate),CPU/GPU,optional: lifts text-only genres/moods to classifier grade
yamnet,TAG,AudioSet 521,probability vector,521,YAMNet (TF hub),not installed,not on box,n/a,n/a,SKIP: redundant with PaSST/PANNs/AST and needs TensorFlow
lpaps,FID,LPAPS distance to alpha 0,scalar,1,CLAP-based LPAPS of sa3_tada_score.py,DEMON-tada-sa3 scripts/tada/sa3_tada_score.py,available,0.02 GPU-s,GPU,distortion axis for screening and protocol (not a label)
